Year,Month,Day,Temperature
2013,12,18,-16.18
2013,12,19,-19.61
2013,12,20,-8.66
2013,12,21,-12.06
2013,12,22,-18.29
2013,12,23,-16.44
2013,12,24,-15.25
2013,12,25,-17.71
2013,12,26,-11.32
2013,12,27,-12.89
2013,12,28,-14.58
2013,12,29,-16.61
2013,12,30,-13.48
2013,12,31,-10.09
2014,1,1,-12.84
2014,1,2,-13.28
2014,1,3,-9.61
2014,1,4,-12.38
2014,1,5,-16.24
2014,1,6,-21.52
2014,1,7,-16.81
2014,1,8,-12.46
2014,1,9,-16.56
2014,1,10,-17.26
2014,1,11,-12.13
2014,1,12,-8.78
2014,1,13,-8.16
2014,1,14,-8.46
2014,1,15,-9.42
2014,1,16,-13.2
2014,1,17,-16.73
2014,1,18,-7.645
2014,1,19,-6.486
2014,1,20,-6.064
2014,1,21,-7.087
2014,1,22,-10.45
2014,1,23,-11.47
2014,1,24,-9.46
2014,1,25,-7.871
2014,1,26,-10.61
2014,1,27,-10.38
2014,1,28,-8.11
2014,1,29,-5.218
2014,1,30,-5.765
2014,1,31,-9.46
2014,2,1,-9.57
2014,2,2,-8.33
2014,2,3,-17.42
2014,2,4,-19.44
2014,2,5,-23.67
2014,2,6,-14.24
2014,2,7,-22.15
2014,2,8,-20.88
2014,2,9,-22.82
2014,2,10,-18.08
2014,2,11,-18.24
2014,2,12,-17.33
2014,2,13,-16.52
2014,2,14,-17.3
2014,2,15,-17.5
2014,2,16,-16.32
2014,2,17,-9.82
2014,2,18,-4.28
2014,2,19,-9.22
2014,2,20,-10.1
2014,2,21,-13.26
2014,2,22,-10.1
2014,2,23,-12.62
2014,2,24,-19.21
2014,2,25,-16.09
2014,2,26,-15.87
2014,2,27,-16.78
2014,2,28,-13.95
2014,3,1,-8.65
2014,3,2,-10.18
2014,3,3,-10.56
2014,3,4,-8.75
2014,3,5,-9.29
2014,3,6,-9.41
2014,3,7,-7.358
2014,3,8,-7.701
2014,3,9,-15.58
2014,3,10,-17.57
2014,3,11,-12.66
2014,3,12,-5.303
2014,3,13,-4.533
2014,3,14,-1.811
2014,3,15,-7.502
2014,3,16,-5.042
2014,3,17,-0.882
2014,3,18,-4.787
2014,3,19,-5.501
2014,3,20,-3.811
2014,3,21,-2.688
2014,3,22,-3.407
2014,3,23,-2.212
2014,3,25,-4.87
2014,3,26,0.466
2014,3,27,-4.732
2014,3,28,-9.28
2014,3,29,-5.837
2014,3,30,-4.689
2014,3,31,-3.492
2014,4,1,4.716
2014,4,2,-5.355
2014,4,3,-2.506
2014,4,4,-0.544
2014,4,5,-3.386
2014,4,6,-3.579
2014,4,7,-6.172
2014,4,8,-11.13
2014,4,9,-6.718
2014,4,10,-3.493
2014,4,11,-4.708
2014,4,12,-6.939
2014,4,13,-5.742
2014,4,14,-11.13
2014,4,15,-9.69
2014,4,16,-7.923
2014,4,17,-5.798
2014,4,18,-6.241
2014,4,19,-3.913
2014,4,20,-6.082
2014,4,21,-4.646
2014,4,22,-3.096
2014,4,23,-7.312
2014,4,24,-0.166
2014,4,25,1.051
2014,4,26,-3.369
2014,4,27,-2.589
2014,4,28,-1.147
2014,4,29,-7.617
2014,4,30,-1.032
2014,5,1,3.872
2014,5,2,-0.024
2014,5,3,1.892
2014,5,4,4.717
2014,5,5,5.127
2014,5,6,5.867
2014,5,7,3.739
2014,5,8,2.568
2014,5,9,5.412
2014,5,10,1.481
2014,5,11,-3.709
2014,5,12,-8.11
2014,5,13,-3.598
2014,5,14,0.875
2014,5,15,0.337
2014,5,16,0.446
2014,5,17,0.855
2014,5,18,5.944
2014,5,19,3.788
2014,5,20,-1.147
2014,5,21,-0.969
2014,5,22,-10.97
2014,5,23,-6.599
2014,5,24,-0.039
2014,5,25,2.12
2014,5,26,4.352
2014,5,27,3.636
2014,5,28,3.142
2014,5,29,4.582
2014,5,30,2.704
2014,5,31,-1.836
2014,6,1,1.668
2014,6,2,-3.714
2014,6,3,-5.559
2014,6,4,11.05
2014,6,5,2.424
2014,6,6,2.617
2014,6,7,0.643
2014,6,8,1.78
2014,6,9,0.317
2014,6,10,1.031
2014,6,11,3.773
2014,6,12,4.678
2014,6,13,5.595
2014,6,14,8.88
2014,6,15,4.212
2014,6,16,2.863
2014,6,17,5.637
2014,6,18,0.235
2014,6,19,2.439
2014,6,20,3.635
2014,6,21,1.508
2014,6,22,2.926
2014,6,23,5.365
2014,6,24,3.562
2014,6,25,2.427
2014,6,26,5.328
2014,6,27,8.84
2014,6,28,8.67
2014,6,29,7.782
2014,6,30,7.221
2014,7,1,10.56
2014,7,2,3.367
2014,7,3,5.425
2014,7,4,3.385
2014,7,5,3.273
2014,7,6,3.905
2014,7,7,5.194
2014,7,8,4.541
2014,7,9,5.324
2014,7,10,9.0
2014,7,11,10.32
2014,7,12,8.43
2014,7,13,7.885
2014,7,14,5.92
2014,7,15,7.136
2014,7,16,4.889
2014,7,17,3.496
2014,7,18,2.257
2014,7,19,4.959
2014,7,20,6.028
2014,7,21,6.261
2014,7,22,7.212
2014,7,23,11.6
2014,7,24,4.493
2014,7,25,6.845
2014,7,26,8.84
2014,7,27,7.81
2014,7,28,8.56
2014,7,29,4.879
2014,7,30,3.767
2014,7,31,1.803
2014,8,1,5.052
2014,8,2,6.217
2014,8,3,5.331
2014,8,4,4.011
2014,8,5,3.248
2014,8,6,6.173
2014,8,7,5.357
2014,8,8,4.957
2014,8,9,5.289
2014,8,10,8.72
2014,8,11,7.424
2014,8,12,7.85
2014,8,13,6.695
2014,8,14,7.756
2014,8,15,2.331
2014,8,16,2.745
2014,8,17,0.149
2014,8,18,0.691
2014,8,19,1.712
2014,8,20,5.564
2014,8,21,8.01
2014,8,22,9.48
2014,8,23,10.47
2014,8,24,9.96
2014,8,25,8.5
2014,8,26,6.422
2014,8,27,4.945
2014,8,28,8.89
2014,8,29,8.82
2014,8,30,6.835
2014,8,31,10.7
2014,9,1,10.3
2014,9,2,5.808
2014,9,3,6.824
2014,9,4,3.067
2014,9,5,3.059
2014,9,6,5.168
2014,9,7,-1.753
2014,9,8,4.779
2014,9,9,2.652
2014,9,10,3.841
2014,9,11,2.801
2014,9,12,1.426
2014,9,13,1.916
2014,9,14,3.005
2014,9,15,2.719
2014,9,16,0.766
2014,9,17,3.671
2014,9,18,3.914
2014,9,19,2.412
2014,9,20,-3.8
2014,9,21,0.562
2014,9,22,2.052
2014,9,23,2.14
2014,9,24,3.7
2014,9,25,-0.643
2014,9,26,2.189
2014,9,27,5.058
2014,9,28,0.724
2014,9,29,-0.494
2014,9,30,1.914
2014,10,1,2.412
2014,10,2,-0.671
2014,10,3,1.746
2014,10,4,-1.794
2014,10,5,-1.965
2014,10,6,0.14
2014,10,7,-0.909
2014,10,8,-1.549
2014,10,9,-11.99
2014,10,10,-8.19
2014,10,11,-1.942
2014,10,12,-3.923
2014,10,13,-4.366
2014,10,14,-2.43
2014,10,15,-2.199
2014,10,16,-1.996
2014,10,17,0.056
2014,10,18,0.963
2014,10,19,0.759
2014,10,20,-0.296
2014,10,21,1.127
2014,10,22,0.834
2014,10,23,3.121
2014,10,24,-2.37
2014,10,25,0.331
2014,10,26,-0.39
2014,10,27,-11.18
2014,10,28,-11.2
2014,10,29,-11.63
2014,10,30,-11.57
2014,10,31,-4.859
2014,11,1,-3.968
2014,11,2,-3.562
2014,11,3,-0.8
2014,11,4,-2.937
2014,11,5,-3.246
2014,11,6,-1.849
2014,11,7,-7.633
2014,11,8,-10.29
2014,11,9,-16.39
2014,11,10,-11.77
2014,11,13,-4.293
2014,11,14,-7.065
2014,11,15,-9.32
2014,11,16,-7.228
2014,11,17,-7.781
2014,11,18,-7.053
2014,11,19,-8.99
2014,11,20,-7.939
2014,11,21,-10.85
2014,11,22,-12.3
2014,11,23,-10.16
2014,11,24,-5.596
2014,11,25,-9.7
2014,11,26,-11.78
2014,11,27,-5.349
2014,11,28,-13.54
2014,11,29,-9.94
2014,11,30,-8.95
2014,12,1,-10.61
2014,12,2,-9.84
2014,12,3,-5.352
2014,12,4,-10.11
2014,12,5,-14.93
2014,12,6,-6.49
2014,12,7,-12.18
2014,12,8,-26.06
2014,12,9,-15.94
2014,12,10,-12.13
2014,12,11,-10.83
2014,12,12,-12.32
2014,12,13,-12.21
2014,12,14,-12.08
2014,12,15,-10.76
2014,12,16,-9.23
2014,12,17,-5.485
2014,12,18,-6.746
2014,12,19,-8.59
2014,12,20,-9.32
2014,12,21,-9.56
2014,12,22,-10.44
2014,12,23,-12.03
2014,12,24,-8.77
2014,12,25,-9.5
2014,12,26,-12.15
2014,12,27,-8.08
2014,12,28,-6.825
2014,12,29,-7.703
2014,12,30,-7.853
2014,12,31,-8.43
2015,1,1,-8.53
2015,1,2,-7.523
2015,1,3,-11.43
2015,1,4,-10.6
2015,1,5,-9.96
2015,1,6,-12.23
2015,1,7,-9.0
2015,1,8,-5.326
2015,1,9,-4.258
2015,1,10,-8.34
2015,1,11,-3.855
2015,1,12,-9.66
2015,1,13,-13.84
2015,1,14,-7.851
2015,1,15,-13.0
2015,1,16,-11.31
2015,1,17,-6.897
2015,1,18,-8.51
2015,1,19,-7.553
2015,1,20,-5.15
2015,1,21,-9.89
2015,1,22,-12.02
2015,1,23,-13.26
2015,1,24,-14.01
2015,1,25,-19.39
2015,1,26,-19.95
2015,1,27,-21.25
2015,1,28,-18.89
2015,1,29,-14.65
2015,1,30,-17.4
2015,1,31,-11.66
2015,2,1,-12.34
2015,2,2,-13.15
2015,2,3,-13.21
2015,2,4,-14.18
2015,2,5,-15.15
2015,2,6,-6.86
2015,2,7,-7.338
2015,2,8,-10.43
2015,2,9,-8.39
2015,2,10,-6.713
2015,2,11,3.529
2015,2,12,3.687
2015,2,13,-2.807
2015,2,14,-2.822
2015,2,15,-7.713
2015,2,16,0.041
2015,2,17,-10.69
2015,2,18,-7.526
2015,2,19,-6.536
2015,2,20,-12.51
2015,2,21,-7.69
2015,2,22,-4.917
2015,2,23,-3.753
2015,2,24,-1.443
2015,2,25,-8.3
2015,2,26,-13.15
2015,2,27,-11.88
2015,2,28,-12.03
2015,3,1,-10.25
2015,3,2,-6.371
2015,3,3,-8.67
2015,3,4,-9.45
2015,3,5,-10.19
2015,3,6,-10.53
2015,3,7,-9.18
2015,3,8,-11.87
2015,3,9,-9.18
2015,3,10,-7.292
2015,3,11,-11.26
2015,3,12,-17.1
2015,3,13,-5.979
2015,3,14,-6.303
2015,3,15,-8.64
2015,3,16,-14.67
2015,3,17,-6.381
2015,3,18,-11.1
2015,3,19,-10.63
2015,3,20,-5.587
2015,3,21,-10.65
2015,3,22,-2.848
2015,3,23,-0.708
2015,3,24,3.821
2015,3,25,-6.842
2015,3,26,-6.567
2015,3,27,-0.371
2015,3,28,-8.69
2015,3,29,-7.871
2015,3,30,-12.25
2015,3,31,-18.56
2015,4,1,-10.0
2015,4,2,-8.62
2015,4,3,-9.59
2015,4,4,-7.588
2015,4,5,-8.17
2015,4,6,-4.734
2015,4,7,-4.592
2015,4,8,-5.94
2015,4,9,-6.252
2015,4,10,-2.219
2015,4,11,0.285
2015,4,12,-1.223
2015,4,13,2.417
2015,4,14,1.956
2015,4,15,1.209
2015,4,16,-5.263
2015,4,17,-8.95
2015,4,18,-5.218
2015,4,19,-5.489
2015,4,20,-3.402
2015,4,21,-4.565
2015,4,22,-1.163
2015,4,23,3.973
2015,4,24,2.754
2015,4,25,2.306
2015,4,26,5.714
2015,4,27,-4.883
2015,4,28,-6.394
2015,4,29,-1.544
2015,4,30,-1.041
2015,5,21,4.735
2015,5,22,0.364
2015,5,23,-3.402
2015,5,24,-4.108
2015,5,25,-3.397
2015,5,26,-1.953
2015,5,27,-0.293
2015,5,28,0.48
2015,5,29,2.721
2015,5,30,3.516
2015,5,31,0.541
2015,6,1,-0.664
2015,6,2,0.33
2015,6,3,3.822
2015,6,4,6.335
2015,6,5,4.401
2015,6,6,4.333
2015,6,7,5.006
2015,6,8,6.477
2015,6,9,-3.483
2015,6,10,0.079
2015,6,11,4.435
2015,6,12,6.463
2015,6,13,5.453
2015,6,14,4.599
2015,6,15,1.447
2015,6,16,-0.018
2015,6,17,3.842
2015,6,18,6.307
2015,6,19,7.815
2015,6,20,5.97
2015,6,21,5.048
2015,6,22,5.082
2015,6,23,4.792
2015,6,24,4.735
2015,6,25,4.483
2015,6,26,3.264
2015,6,27,4.42
2015,6,28,5.184
2015,6,29,5.278
2015,6,30,7.006
2015,7,1,7.806
2015,7,2,7.38
2015,7,3,7.95
2015,7,4,10.21
2015,7,5,2.237
2015,7,6,5.826
2015,7,7,6.7
2015,7,8,8.79
2015,7,9,8.15
2015,7,10,4.072
2015,7,11,4.509
2015,7,12,9.97
2015,7,13,10.39
2015,7,14,10.33
2015,7,15,12.73
2015,7,16,12.06
2015,7,17,11.62
2015,7,18,10.47
2015,7,19,8.28
2015,7,20,9.78
2015,7,21,9.56
2015,7,22,8.67
2015,7,23,12.58
2015,7,24,13.04
2015,7,25,9.02
2015,7,26,9.36
2015,7,27,10.08
2015,7,28,9.19
2015,7,29,4.554
2015,7,30,7.448
2015,7,31,7.44
2015,8,1,8.11
2015,8,2,6.964
2015,8,3,9.58
2015,8,4,9.05
2015,8,5,7.483
2015,8,6,8.79
2015,8,7,7.84
2015,8,8,8.51
2015,8,9,5.966
2015,8,10,3.966
2015,8,11,0.187
2015,8,12,5.32
2015,8,13,8.04
2015,8,14,4.923
2015,8,15,2.436
2015,8,16,9.0
2015,8,17,8.96
2015,8,18,8.83
2015,8,19,9.96
2015,8,20,8.93
2015,8,21,10.34
2015,8,22,7.906
2015,8,23,-1.393
2015,8,24,3.278
2015,8,25,5.399
2015,8,26,0.385
2015,8,27,4.178
2015,8,28,0.317
2015,8,29,-0.085
2015,8,30,0.719
2015,8,31,2.38
2015,9,1,3.176
2015,9,2,4.361
2015,9,3,-0.773
2015,9,4,0.302
2015,9,5,2.325
2015,9,6,2.257
2015,9,7,-0.36
2015,9,8,1.366
2015,9,9,1.87
2015,9,10,7.151
2015,9,11,7.17
2015,9,12,6.129
2015,9,13,3.769
2015,9,14,0.208
2015,9,15,-0.909
2015,9,16,1.133
2015,9,17,2.13
2015,9,18,3.142
2015,9,19,1.038
2015,9,20,-4.619
2015,9,21,-1.074
2015,9,22,-0.262
2015,9,23,0.46
2015,9,24,1.293
2015,9,25,-0.882
2015,9,26,-2.396
2015,9,27,-1.585
2015,9,28,-4.652
2015,9,29,-4.271
2015,9,30,2.215
2015,10,1,-0.42
2015,10,2,-0.528
2015,10,3,0.732
2015,10,4,0.596
2015,10,5,1.957
2015,10,6,-0.27
2015,10,7,3.392
2015,10,8,3.346
2015,10,9,5.422
2015,10,10,7.422
2015,10,11,4.467
2015,10,12,-0.514
2015,10,13,1.18
2015,10,14,1.074
2015,10,15,-2.081
2015,10,16,2.227
2015,10,17,-0.616
2015,10,18,0.528
2015,10,19,-4.856
2015,10,20,-7.395
2015,10,21,-3.065
2015,10,22,-4.21
2015,10,23,-8.94
2015,10,24,-11.5
2015,10,25,-6.439
2015,10,26,-3.486
2015,10,27,-2.69
2015,10,28,1.938
2015,10,29,3.516
2015,10,30,4.775
2015,10,31,3.039
2015,11,1,1.855
2015,11,2,-17.01
2015,11,3,-7.522
2015,11,4,-8.61
2015,11,5,-8.68
2015,11,6,-10.17
2015,11,7,-6.303
2015,11,8,-7.564
2015,11,9,-8.7
2015,11,10,-5.517
2015,11,11,-3.426
2015,11,12,-1.87
2015,11,13,-3.358
2015,11,14,-10.35
2015,11,15,-5.303
2015,11,16,-14.93
2015,11,17,-8.71
2015,11,18,-7.024
2015,11,19,0.541
2015,11,20,-3.595
2015,11,21,-5.798
2015,11,22,-4.508
2015,11,23,-6.041
2015,11,24,-1.714
2015,11,25,-2.533
2015,11,26,-2.541
2015,11,27,-1.45
2015,11,28,-3.528
2015,11,29,-3.013
2015,11,30,-5.171
2015,12,1,-4.837
2015,12,2,-5.712
2015,12,3,-5.792
2015,12,4,-3.446
2015,12,5,-3.266
2015,12,6,-7.905
2015,12,7,-7.986
2015,12,8,-6.462
2015,12,9,-4.0
2015,12,10,-18.44
2015,12,11,-24.02
2015,12,12,-15.29
2015,12,13,-15.53
2015,12,14,-12.64
2015,12,15,-11.74
2015,12,16,-5.426
2015,12,17,-10.77
2015,12,18,-11.79
2015,12,19,-13.84
2015,12,20,-15.44
2015,12,21,-15.02
2015,12,22,-13.43
2015,12,23,-15.47
2015,12,24,-7.984
2015,12,25,-8.61
2015,12,26,-10.75
2015,12,27,-13.3
2015,12,28,-9.04
2015,12,29,-7.316
2015,12,30,-9.66
2015,12,31,-6.798
2016,1,1,-6.07
2016,1,2,-7.281
2016,1,3,-6.957
2016,1,4,-2.723
2016,1,5,-11.54
2016,1,6,-7.883
2016,1,7,-6.667
2016,1,8,-8.43
2016,1,9,-11.88
2016,1,10,-5.553
2016,1,11,-0.916
2016,1,12,-8.67
2016,1,13,-9.44
2016,1,14,-8.97
2016,1,15,-9.89
2016,1,16,-7.955
2016,1,17,-9.94
2016,1,18,-16.8
2016,1,19,-13.55
2016,1,20,-8.42
2016,1,21,-11.47
2016,1,22,-10.63
2016,1,23,-6.246
2016,1,24,-8.46
2016,1,25,-7.406
2016,1,26,-7.517
2016,1,27,-10.06
2016,1,28,-11.05
2016,1,29,-12.98
2016,1,30,-15.64
2016,1,31,-14.04
2016,2,1,-15.37
2016,2,2,-16.35
2016,2,3,-10.69
2016,2,4,-9.95
2016,2,5,-12.54
2016,2,6,-4.996
2016,2,7,-2.656
2016,2,8,-3.678
2016,2,9,-7.223
2016,2,10,-15.3
2016,2,11,-21.27
2016,2,12,-14.53
2016,2,13,-15.31
2016,2,14,-13.14
2016,2,15,-13.36
2016,2,16,-15.19
2016,2,17,-16.95
2016,2,18,-10.31
2016,2,19,-7.684
2016,2,20,-8.64
2016,2,21,-9.31
2016,2,22,-8.37
2016,2,23,-8.04
2016,2,24,-3.44
2016,2,25,-1.64
2016,2,26,1.96
2016,2,27,-1.067
2016,2,28,-1.472
2016,2,29,-3.87
2016,3,1,-1.984
2016,3,2,-5.934
2016,3,3,-6.189
2016,3,4,1.349
2016,3,5,0.501
2016,3,6,-1.668
2016,3,7,-1.516
2016,3,8,-1.625
2016,3,9,-1.878
2016,3,10,-1.386
2016,3,11,-4.769
2016,3,12,-6.684
2016,3,13,-5.194
2016,3,14,-6.272
2016,3,15,-10.04
2016,3,16,-3.861
2016,3,17,-6.65
2016,3,18,-6.445
2016,3,19,-10.65
2016,3,20,-9.45
2016,3,21,-10.67
2016,3,22,-6.709
2016,3,23,-1.114
2016,3,24,-0.173
2016,3,25,-1.598
2016,3,26,-3.269
2016,3,27,-1.181
2016,3,28,-1.904
2016,3,29,0.429
2016,3,30,0.331
2016,3,31,1.202
2016,4,1,-3.528
2016,4,2,-5.838
2016,4,3,-2.395
2016,4,4,-6.143
2016,4,5,-4.171
2016,4,6,-1.695
2016,4,7,-4.073
2016,4,8,-2.677
2016,4,9,-8.8
2016,4,10,-6.948
2016,4,11,-4.15
2016,4,12,-0.27
2016,4,13,-8.94
2016,4,14,-1.94
2016,4,15,0.637
2016,4,16,3.469
2016,4,17,4.443
2016,4,18,0.017
2016,4,19,-3.588
2016,4,20,-0.067
2016,4,21,-1.979
2016,4,22,-4.821
2016,4,23,-5.354
2016,4,24,-4.258
2016,4,25,-2.008
2016,4,26,-1.365
2016,4,27,-2.165
2016,4,28,-0.646
2016,4,29,-0.657
2016,4,30,-2.4
2016,5,1,3.43
2016,5,2,5.714
2016,5,3,-1.876
2016,5,4,1.992
2016,5,5,-0.7
2016,5,6,2.155
2016,5,7,1.353
2016,5,8,3.756
2016,5,9,4.911
2016,5,10,-0.866
2016,5,11,-1.421
2016,5,12,-2.728
2016,5,13,0.139
2016,5,14,2.257
2016,5,15,1.005
2016,5,16,0.392
2016,5,17,0.037
2016,5,18,-1.298
2016,5,19,-2.832
2016,5,20,-2.008
2016,5,21,0.194
2016,5,22,4.681
2016,5,23,2.018
2016,5,24,-0.793
2016,5,25,3.323
2016,5,26,2.74
2016,5,27,1.273
2016,5,28,1.257
2016,5,29,-0.064
2016,5,30,-1.114
2016,5,31,1.388
2016,6,1,4.384
2016,6,2,6.045
2016,6,3,6.072
2016,6,4,4.874
2016,6,5,4.556
2016,6,6,6.027
2016,6,7,7.006
2016,6,8,8.02
2016,6,9,7.33
2016,6,10,8.49
2016,6,11,8.43
2016,6,12,5.833
2016,6,13,7.27
2016,6,14,7.474
2016,6,15,7.262
2016,6,16,4.439
2016,6,17,4.189
2016,6,27,4.703
2016,6,28,4.046
2016,6,29,7.296
2016,6,30,9.06
2016,7,1,9.59
2016,7,2,7.466
2016,7,3,5.741
2016,7,4,6.854
2016,7,5,2.378
2016,7,6,1.881
2016,7,7,2.563
2016,7,8,2.672
2016,7,9,5.891
2016,7,10,5.652
2016,7,11,5.856
2016,7,12,9.24
2016,7,13,10.37
2016,7,14,9.12
2016,7,15,5.198
2016,7,16,4.605
2016,7,17,8.59
2016,7,18,5.75
2016,7,19,5.15
2016,7,20,5.134
2016,7,21,6.99
2016,7,22,5.434
2016,7,23,4.122
2016,7,24,6.624
2016,7,25,9.49
2016,7,26,10.71
2016,7,27,11.47
2016,7,28,8.15
2016,7,29,4.661
2016,7,30,3.656
2016,7,31,1.792
2016,8,1,1.23
2016,8,2,4.23
2016,8,3,5.578
2016,8,4,7.093
2016,8,5,7.874
2016,8,6,8.67
2016,8,7,8.03
2016,8,8,3.643
2016,8,9,8.16
2016,8,10,10.72
2016,8,11,7.652
2016,8,12,8.93
2016,8,13,7.066
2016,8,14,5.89
2016,8,15,4.462
2016,8,16,3.694
2016,8,17,3.89
2016,8,18,3.754
2016,8,19,5.218
2016,8,20,4.095
2016,8,21,2.57
2016,8,22,5.32
2016,8,23,2.665
2016,8,24,4.333
2016,8,25,6.922
2016,8,26,6.886
2016,8,27,6.934
2016,8,28,6.828
2016,8,29,7.5
2016,8,30,5.252
2016,8,31,2.877
2016,9,1,5.15
2016,9,2,5.406
2016,9,3,4.809
2016,9,4,5.713
2016,9,5,3.821
2016,9,6,5.305
2016,9,7,3.993
2016,9,8,5.218
2016,9,9,4.31
2016,9,10,5.899
2016,9,11,7.186
2016,9,12,3.739
2016,9,13,3.91
2016,9,14,0.466
2016,9,15,5.286
2016,9,16,4.935
2016,9,17,4.495
2016,9,18,5.502
2016,9,19,5.524
2016,9,20,7.17
2016,9,21,7.644
2016,9,22,6.205
2016,9,23,6.463
2016,9,24,3.88
2016,9,25,0.834
2016,9,26,2.531
2016,9,27,3.344
2016,9,28,3.616
2016,9,29,1.01
2016,9,30,4.086
2016,10,1,3.55
2016,10,2,-4.968
2016,10,3,-4.393
2016,10,4,-1.026
2016,10,5,-0.757
2016,10,6,-0.05
2016,10,7,1.21
2016,10,8,-0.916
2016,10,9,-1.244
2016,10,10,-2.3
2016,10,11,-0.609
2016,10,12,0.446
2016,10,13,-1.705
2016,10,14,-7.735
2016,10,15,-1.578
2016,10,16,1.801
2016,10,17,-2.463
2016,10,18,-0.826
2016,10,19,-9.69
2016,10,20,-9.98
2016,10,21,-8.81
2016,10,22,-8.83
2016,10,23,-11.18
2016,10,24,-9.05
2016,10,25,-12.7
2016,10,26,-13.32
2016,10,27,-10.15
2016,10,28,-4.518
2016,10,29,-4.617
2016,10,30,-2.551
2016,10,31,-1.938
2016,11,1,-0.21
2016,11,2,-0.045
2016,11,3,1.182
2016,11,4,-9.24
2016,11,5,-12.26
2016,11,6,-4.059
2016,11,7,-5.417
2016,11,8,-7.211
2016,11,9,-2.076
2016,11,10,-3.267
2016,11,11,-4.45
2016,11,12,-5.329
2016,11,13,-4.053
2016,11,14,-7.326
2016,11,15,-7.598
2016,11,16,-6.786
2016,11,17,-10.8
2016,11,18,-8.5
2016,11,19,-4.645
2016,11,20,-12.93
2016,11,21,-10.59
2016,11,22,-15.99
2016,11,23,-12.09
2016,11,24,-14.93
2016,11,25,-10.12
2016,11,26,-10.85
2016,11,27,-17.87
2016,11,28,-8.63
2016,11,29,-6.422
2016,11,30,-8.1
2016,12,1,-8.97
2016,12,2,-2.832
2016,12,3,-0.603
2016,12,4,-5.267
2016,12,5,-5.724
2016,12,6,-4.14
2016,12,7,-1.836
2016,12,8,-6.174
2016,12,9,-7.326
2016,12,10,-7.66
2016,12,11,-10.04
2016,12,12,-6.576
2016,12,13,-10.27
2016,12,14,-3.78
2016,12,15,-3.849
2016,12,16,-4.452
2016,12,17,-7.428
2016,12,18,-11.47
2016,12,19,-16.57
2016,12,20,-15.06
2016,12,21,-9.11
2016,12,22,-8.41
2016,12,23,-12.49
2016,12,24,-19.14
2016,12,25,-9.02
2016,12,26,-6.201
2016,12,27,-4.877
2016,12,28,-11.29
2016,12,29,-6.172
2016,12,30,-14.22
2016,12,31,-7.886
2017,1,1,-11.42
2017,1,2,-9.45
2017,1,3,-10.59
2017,1,4,-11.96
2017,1,5,-10.61
2017,1,6,-16.79
2017,1,7,-16.21
2017,1,8,-16.1
2017,1,9,-15.59
2017,1,10,-11.1
2017,1,11,-10.46
2017,1,12,-13.65
2017,1,13,-18.16
2017,1,14,-15.93
2017,1,15,-12.84
2017,1,16,-13.34
2017,1,17,-11.51
2017,1,18,-11.04
2017,1,19,-12.3
2017,1,20,-14.21
2017,1,21,-10.27
2017,1,22,-9.5
2017,1,23,-8.89
2017,1,24,-12.49
2017,1,25,-17.27
2017,1,26,-9.22
2017,1,27,-9.76
2017,1,28,-9.12
2017,1,29,-7.496
2017,1,30,-9.01
2017,1,31,-14.27
2017,2,1,-12.32
2017,2,2,-10.82
2017,2,3,-7.603
2017,2,4,-12.73
2017,2,5,-15.13
2017,2,6,-15.53
2017,2,7,-12.23
2017,2,8,-9.59
2017,2,9,-12.73
2017,2,10,-11.47
2017,2,11,-9.61
2017,2,12,-11.64
2017,2,13,-9.95
2017,2,14,-7.269
2017,2,15,-7.293
2017,2,16,-7.939
2017,2,17,-4.123
2017,2,18,-0.874
2017,2,19,-17.32
2017,2,20,-15.55
2017,2,21,-12.24
2017,2,22,-14.04
2017,2,23,-10.65
2017,2,24,-9.16
2017,2,25,-9.85
2017,2,26,-15.41
2017,2,27,-7.894
2017,2,28,-7.383
2017,3,1,-7.292
2017,3,2,-8.95
2017,3,3,-12.86
2017,3,4,-12.53
2017,3,5,-11.21
2017,3,6,-10.83
2017,3,7,-14.32
2017,3,8,-15.44
2017,3,9,-14.22
2017,3,10,-14.91
2017,3,11,-15.04
2017,3,12,-16.98
2017,3,13,-13.95
2017,3,14,-17.32
2017,3,15,-13.35
2017,3,16,-9.07
2017,3,17,-11.88
2017,3,18,-13.31
2017,3,19,-9.74
2017,3,20,-9.21
2017,3,21,-4.837
2017,3,22,-3.339
2017,3,23,-2.036
2017,3,24,-3.931
2017,3,25,-1.572
2017,3,26,0.589
2017,3,27,-4.743
2017,3,28,-5.923
2017,3,29,-1.597
2017,3,30,-0.718
2017,3,31,-5.321
2017,4,1,-5.583
2017,4,2,-3.978
2017,4,3,-4.22
2017,4,4,-8.08
2017,4,5,-10.44
2017,4,6,-15.46
2017,4,7,-11.38
2017,4,8,-9.73
2017,4,9,-7.315
2017,4,10,-5.673
2017,4,11,-3.982
2017,4,12,-3.585
2017,4,13,-1.249
2017,4,14,-7.36
2017,4,15,-1.687
2017,4,16,5.004
2017,4,17,3.722
2017,4,18,-1.164
2017,4,19,-0.316
2017,4,20,-1.892
2017,4,21,-1.543
2017,4,22,-2.83
2017,4,23,-5.587
2017,4,24,-2.352
2017,4,25,3.852
2017,4,26,2.691
2017,4,27,-1.381
2017,4,28,-6.359
2017,4,29,-11.0
2017,4,30,-11.78
2017,5,1,-8.55
2017,5,2,-8.69
2017,5,3,-1.143
2017,5,4,0.991
2017,5,5,-1.353
2017,5,6,1.106
2017,5,7,0.024
2017,5,8,1.787
2017,5,9,1.41
2017,5,10,4.036
2017,5,11,-0.573
2017,5,12,6.375
2017,5,13,6.786
2017,5,14,7.738
2017,5,15,8.04
2017,5,16,6.7
2017,5,17,3.448
2017,5,18,4.155
2017,5,19,-2.672
2017,5,20,0.218
2017,5,21,3.572
2017,5,22,7.771
2017,5,23,8.34
2017,5,24,4.983
2017,5,25,5.21
2017,5,26,2.665
2017,5,27,2.366
2017,5,28,2.229
2017,5,29,3.414
2017,5,30,1.952
2017,5,31,-0.446
2017,6,1,1.468
2017,6,2,2.012
2017,6,3,3.292
2017,6,4,6.879
2017,6,5,0.096
2017,6,6,4.238
2017,6,7,-4.742
2017,6,8,1.777
2017,6,9,5.441
2017,6,10,4.162
2017,6,11,3.812
2017,6,12,4.571
2017,6,13,6.421
2017,6,14,4.236
2017,6,15,6.147
2017,6,16,5.536
2017,6,17,7.304
2017,6,18,6.087
2017,6,19,6.563
2017,6,20,6.752
2017,6,21,6.495
2017,6,22,7.719
2017,6,23,8.25
2017,6,24,3.908
2017,6,25,2.486
2017,6,26,4.137
2017,6,27,3.401
2017,6,28,3.562
2017,6,29,1.366
2017,6,30,5.192
2017,7,1,5.953
2017,7,2,3.584
2017,7,3,6.122
2017,7,4,6.776
2017,7,5,8.55
2017,7,6,6.906
2017,7,7,9.51
2017,7,8,10.68
2017,7,9,13.59
2017,7,10,10.46
2017,7,11,9.3
2017,7,12,5.155
2017,7,13,7.187
2017,7,14,2.917
2017,7,15,4.02
2017,7,16,6.155
2017,7,17,3.972
2017,7,18,4.616
2017,7,19,6.031
2017,7,20,6.244
2017,7,21,6.587
2017,7,22,7.636
2017,7,23,8.17
2017,7,24,6.565
2017,7,25,6.198
2017,7,26,7.925
2017,7,27,9.18
2017,7,28,9.2
2017,7,29,10.47
2017,7,30,8.89
2017,7,31,10.35
2017,8,1,6.667
2017,8,2,10.37
2017,8,3,7.426
2017,8,4,6.193
2017,8,5,3.907
2017,8,6,6.664
2017,8,7,9.75
2017,8,8,7.38
2017,8,9,8.89
2017,8,10,9.93
2017,8,11,6.82
2017,8,12,-0.139
2017,8,13,3.196
2017,8,14,4.456
2017,8,15,5.47
2017,8,16,4.231
2017,8,17,2.12
2017,8,18,-0.495
2017,8,19,4.231
2017,8,20,4.46
2017,8,21,2.53
2017,8,22,4.877
2017,8,23,1.291
2017,8,24,0.152
2017,8,25,2.957
2017,8,26,2.619
2017,8,27,5.082
2017,8,28,6.492
2017,8,29,6.443
2017,8,30,5.326
2017,8,31,7.721
2017,9,1,4.877
2017,9,2,4.587
2017,9,3,4.885
2017,9,4,7.322
2017,9,5,4.98
2017,9,6,5.354
2017,9,7,5.134
2017,9,8,4.225
2017,9,9,7.202
2017,9,10,5.025
2017,9,11,4.103
2017,9,12,2.886
2017,9,13,1.94
2017,9,14,2.992
2017,9,15,1.278
2017,9,16,5.83
2017,9,17,5.396
2017,9,18,4.783
2017,9,19,2.87
2017,9,20,2.864
2017,9,21,6.009
2017,9,22,4.469
2017,9,23,2.735
2017,9,24,-2.291
2017,9,25,-0.986
2017,9,26,-1.025
2017,9,27,-0.494
2017,9,28,0.597
2017,9,29,-0.587
2017,9,30,-12.8
2017,10,1,-7.582
2017,10,2,-1.726
2017,10,3,-0.459
2017,10,4,-0.827
2017,10,5,-5.36
2017,10,6,-6.678
2017,10,7,-6.106
2017,10,8,-4.892
2017,10,9,3.792
2017,10,10,3.784
2017,10,11,4.117
2017,10,12,2.082
2017,10,13,-0.672
2017,10,14,-0.018
2017,10,15,-0.508
2017,10,16,-1.614
2017,10,17,-1.052
2017,10,18,2.711
2017,10,19,-7.643
2017,10,20,-3.917
2017,10,21,0.187
2017,10,22,-2.394
2017,10,23,-2.046
2017,10,24,-3.8
2017,10,25,-3.929
2017,10,26,-4.297
2017,10,27,-2.662
2017,10,28,-1.052
2017,10,29,-1.869
2017,10,30,0.093
2017,10,31,1.801
2017,11,1,1.958
2017,11,2,1.843
2017,11,3,2.81
2017,11,4,-2.966
2017,11,5,-3.746
2017,11,6,-0.632
2017,11,7,-3.172
2017,11,8,-6.509
2017,11,9,-6.852
2017,11,10,-7.169
2017,11,11,-5.758
2017,11,12,-2.138
2017,11,13,-2.249
2017,11,14,-5.466
2017,11,15,-8.94
2017,11,16,-12.26
2017,11,17,-9.53
2017,11,18,-4.928
2017,11,19,-11.33
2017,11,20,-9.85
2017,11,21,-8.92
2017,11,22,-6.644
2017,11,23,-4.171
2017,11,24,-2.962
2017,11,25,-3.951
2017,11,26,-6.269
2017,11,27,-14.7
2017,11,28,-9.61
2017,11,29,-7.786
2017,11,30,-9.39
2017,12,1,-10.17
2017,12,2,-9.22
2017,12,3,-12.98
2017,12,4,-12.52
2017,12,5,-12.95
2017,12,6,-13.01
2017,12,7,-12.28
2017,12,8,-2.294
2017,12,9,-3.641
2017,12,10,-9.76
2017,12,11,-9.36
2017,12,12,-13.08
2017,12,13,-14.85
2017,12,14,-13.75
2017,12,15,-10.8
2017,12,16,-11.92
2017,12,17,-12.39
2017,12,18,-10.21
2017,12,19,-8.2
2017,12,20,-7.053
2017,12,21,-7.861
2017,12,22,-10.9
2017,12,23,-7.178
2017,12,24,-10.01
2017,12,25,-6.108
2017,12,26,-6.242
2017,12,27,-16.68
2017,12,28,-14.65
2017,12,29,-7.838
2017,12,30,-6.747
2017,12,31,-7.166
2018,1,1,-12.26
2018,1,2,-12.42
2018,1,3,-8.71
2018,1,4,-7.923
2018,1,5,-13.14
2018,1,6,-14.12
2018,1,7,-12.26
2018,1,8,-12.91
2018,1,9,-11.69
2018,1,10,-11.21
2018,1,11,-10.07
2018,1,12,-14.62
2018,1,13,-12.01
2018,1,14,-11.26
2018,1,15,-10.99
2018,1,16,-12.04
2018,1,17,-12.26
2018,1,18,-11.67
2018,1,19,-10.65
2018,1,20,-9.78
2018,1,21,-5.632
2018,1,22,-8.18
2018,1,23,-11.12
2018,1,24,-13.38
2018,1,25,-13.01
2018,1,26,-17.9
2018,1,27,-23.67
2018,1,28,-22.64
2018,1,29,-21.44
2018,1,30,-7.241
2018,1,31,-10.56
2018,2,1,-13.96
2018,2,2,-12.09
2018,2,3,-17.42
2018,2,4,-18.98
2018,2,5,-10.39
2018,2,6,-14.79
2018,2,7,-20.48
2018,2,8,-22.29
2018,2,9,-16.26
2018,2,10,-9.26
2018,2,11,-7.65
2018,2,12,-8.78
2018,2,13,-9.01
2018,2,14,-8.99
2018,2,15,-9.32
2018,2,16,-13.44
2018,2,17,-16.25
2018,2,18,-17.98
2018,2,19,-17.56
2018,2,20,-5.672
2018,2,21,-5.076
2018,2,22,-8.71
2018,2,23,-7.713
2018,2,24,-4.809
2018,2,25,-5.088
2018,2,26,-4.052
2018,2,27,-2.543
2018,2,28,-6.888
2018,3,1,-5.934
2018,3,2,-8.59
2018,3,3,-13.43
2018,3,4,-8.91
2018,3,5,-8.5
2018,3,6,-5.958
2018,3,7,-4.004
2018,3,8,-5.756
2018,3,9,-2.505
2018,3,10,-3.719
2018,3,11,-1.734
2018,3,12,-3.999
2018,3,13,-6.473
2018,3,14,-9.95
2018,3,15,-9.19
2018,3,16,-13.06
2018,3,17,-12.6
2018,3,18,-4.655
2018,3,19,-2.675
2018,3,20,-2.272
2018,3,21,-0.154
2018,3,22,-2.259
2018,3,23,-2.715
2018,3,24,-3.957
2018,3,25,-1.218
2018,3,26,2.359
2018,3,27,-4.106
2018,3,28,-6.229
2018,3,29,-7.019
2018,3,30,-3.2
2018,3,31,4.401
2018,4,1,2.393
2018,4,2,-6.786
2018,4,3,-4.136
2018,4,4,-0.598
2018,4,5,-0.153
2018,4,6,0.787
2018,4,7,1.822
2018,4,8,-7.166
2018,4,9,-3.514
2018,4,10,-6.65
2018,4,11,-11.67
2018,4,12,-5.371
2018,4,13,-3.855
2018,4,14,0.841
2018,4,15,2.224
2018,4,16,-1.855
2018,4,17,-1.688
2018,4,18,-9.51
2018,4,19,-11.53
2018,4,20,-10.94
2018,4,21,-6.093
2018,4,22,-0.364
2018,4,23,1.629
2018,4,24,3.958
2018,4,25,-0.217
2018,4,26,-2.542
2018,4,27,-2.932
2018,4,28,-0.549
2018,4,29,3.239
2018,4,30,3.293
2018,5,1,2.155
2018,5,2,-3.337
2018,5,3,-2.662
2018,5,4,-3.301
2018,5,5,-2.366
2018,5,6,-2.164
2018,5,7,-7.905
2018,5,8,-2.429
2018,5,9,0.169
2018,5,10,1.897
2018,5,11,6.317
2018,5,12,4.4
2018,5,13,2.597
2018,5,14,-1.57
2018,5,15,-2.375
2018,5,16,-0.555
2018,5,17,-3.709
2018,5,18,-1.781
2018,5,19,-2.396
2018,5,20,-4.871
2018,5,21,-0.278
2018,5,22,0.748
2018,5,23,-0.534
2018,5,24,-7.706
2018,5,25,0.766
2018,5,26,5.286
2018,5,27,5.49
2018,5,28,-1.113
2018,5,29,-0.317
2018,5,30,-0.834
2018,5,31,-1.688
2018,6,1,1.993
2018,6,2,5.184
2018,6,3,4.325
2018,6,4,4.367
2018,6,5,2.837
2018,6,6,3.455
2018,6,7,5.917
2018,6,8,5.305
2018,6,9,3.55
2018,6,10,3.788
2018,6,11,4.556
2018,6,12,2.85
2018,6,13,3.686
2018,6,14,5.32
2018,6,15,2.358
2018,6,16,-0.289
2018,6,17,3.49
2018,6,18,4.936
2018,6,19,4.934
2018,7,11,10.52
2018,7,12,6.878
2018,7,13,5.243
2018,7,14,6.76
2018,7,15,4.76
2018,7,16,7.849
2018,7,17,8.33
2018,7,18,6.393
2018,7,19,9.61
2018,7,20,10.26
2018,7,21,9.67
2018,7,22,10.65
2018,7,23,11.85
2018,7,24,10.08
2018,7,25,7.31
2018,7,26,6.726
2018,7,27,4.34
2018,7,28,3.244
2018,7,29,3.856
2018,7,30,3.584
2018,7,31,5.775
2018,8,1,6.76
2018,8,2,4.427
2018,8,3,4.046
2018,8,4,6.922
2018,8,5,8.39
2018,8,6,9.74
2018,8,7,9.96
2018,8,8,8.32
2018,8,9,8.49
2018,8,10,9.94
2018,8,11,8.25
2018,8,12,7.133
2018,8,13,5.26
2018,8,14,7.456
2018,8,15,9.6
2018,8,16,10.57
2018,8,17,7.959
2018,8,18,7.97
2018,8,19,7.398
2018,8,20,8.05
2018,8,21,6.011
2018,8,22,4.7
2018,8,23,4.775
2018,8,26,3.89
2018,8,27,6.281
2018,8,28,2.903
2018,8,29,2.84
2018,8,30,1.277
2018,8,31,0.978
2018,9,1,3.728
2018,9,2,1.583
2018,9,3,1.753
2018,9,4,3.89
2018,9,5,5.66
2018,9,6,6.864
2018,9,7,5.448
2018,9,8,4.197
2018,9,9,4.705
2018,9,10,6.366
2018,9,11,3.754
2018,9,12,-0.664
2018,9,13,-0.427
2018,9,14,-0.133
2018,9,15,1.21
2018,9,16,0.215
2018,9,17,2.274
2018,9,18,4.101
2018,9,19,5.66
2018,9,20,3.686
2018,9,21,2.044
2018,9,22,2.699
2018,9,23,2.086
2018,9,24,-2.649
2018,9,25,0.133
2018,9,26,1.6
2018,9,27,2.896
2018,9,28,-0.379
2018,9,29,0.242
2018,9,30,5.311
2018,10,1,2.876
2018,10,2,1.448
2018,10,3,0.05
2018,10,4,4.022
2018,10,5,4.197
2018,10,6,3.45
2018,10,7,1.004
2018,10,8,0.188
2018,10,9,1.039
2018,10,10,-1.426
2018,10,11,-2.64
2018,10,12,-3.488
2018,10,13,-4.01
2018,10,14,-6.413
2018,10,15,-5.463
2018,10,16,-7.297
2018,10,17,-16.8
2018,10,18,-11.55
2018,10,19,-9.47
2018,10,20,-8.34
2018,10,21,-4.757
2018,10,22,-3.991
2018,10,23,-4.94
2018,10,24,-3.816
2018,10,25,-3.016
2018,10,26,-1.284
2018,10,27,-1.012
2018,10,28,3.543
2018,10,29,-1.585
2018,10,30,0.501
2018,10,31,-1.093
2018,11,1,-11.92
2018,11,2,-14.25
2018,11,3,-12.16
2018,11,4,-13.39
2018,11,5,-11.89
2018,11,6,-3.393
2018,11,7,-3.126
2018,11,8,-12.02
2018,11,9,-7.448
2018,11,10,-8.44
2018,11,11,-8.17
2018,11,12,-9.64
2018,11,13,-17.28
2018,11,14,-13.3
2018,11,15,-15.0
2018,11,16,-14.23
2018,11,17,-9.32
2018,11,18,-10.6
2018,11,19,-7.531
2018,11,20,-6.098
2018,11,21,-10.1
2018,11,22,-2.846
2018,11,23,-6.581
2018,11,24,-3.97
2018,11,25,-10.0
2018,11,26,-5.768
2018,11,27,-2.523
2018,11,28,-5.326
2018,11,29,-4.189
2018,11,30,-3.561
2018,12,1,-19.21
2018,12,2,-9.25
2018,12,3,-6.519
2018,12,4,-9.99
2018,12,5,-5.826
2018,12,6,-7.099
2018,12,7,-8.79
2018,12,8,-6.718
2018,12,9,-6.405
2018,12,10,-7.303
2018,12,11,-9.25
2018,12,12,-11.77
2018,12,13,-12.32
2018,12,14,-9.67
2018,12,15,-6.523
2018,12,16,-6.269
2018,12,17,-9.86
2018,12,18,-9.34
2018,12,21,-13.14
2018,12,22,-10.77
2018,12,23,-10.77
2018,12,24,-13.49
2018,12,25,-11.86
2018,12,26,-12.95
2018,12,27,-13.73
2018,12,28,-8.99
2018,12,29,-4.735
2018,12,30,-6.854
2018,12,31,-10.07
2019,1,1,-8.71
2019,1,2,-8.92
2019,1,3,-12.89
2019,1,4,-12.24
2019,1,5,-13.76
2019,1,6,-13.95
2019,1,7,-10.35
2019,1,8,-8.99
2019,1,9,-11.97
2019,1,10,-11.34
2019,1,11,-10.24
2019,1,12,-14.39
2019,1,13,-15.08
2019,1,14,-8.63
2019,1,15,-5.485
2019,1,16,-8.96
2019,1,17,-13.7
2019,1,18,-7.692
2019,1,19,-9.04
2019,1,20,-4.98
2019,1,21,-12.66
2019,1,22,-11.68
2019,1,23,-12.95
2019,1,24,-14.3
2019,1,25,-14.88
2019,1,26,-12.78
2019,1,27,-14.16
2019,1,28,-14.36
2019,1,29,-13.52
2019,1,30,-7.542
2019,1,31,-6.411
2019,2,1,-13.32
2019,2,2,-12.25
2019,2,3,-10.73
2019,2,4,-11.38
2019,2,5,-11.82
2019,2,6,-14.63
2019,2,7,-18.32
2019,2,8,-18.29
2019,2,9,-11.44
2019,2,10,-10.14
2019,2,11,-8.54
2019,2,12,-9.62
2019,2,13,-4.348
2019,2,14,-7.452
2019,2,15,-11.91
2019,2,16,-14.18
2019,2,17,-5.928
2019,2,18,-10.23
2019,2,19,-12.45
2019,2,20,-9.55
2019,2,21,-12.15
2019,2,22,-15.62
2019,2,23,-8.55
2019,2,24,-8.41
2019,2,26,-12.23
2019,2,27,-12.77
2019,2,28,-12.07
2019,3,1,-8.13
2019,3,2,-5.962
2019,3,3,-8.76
2019,3,4,-7.849
2019,3,5,-9.22
2019,3,6,-10.6
2019,3,7,-10.36
2019,3,8,-9.92
2019,3,9,-10.87
2019,3,10,-10.68
2019,3,11,-10.03
2019,3,12,-8.76
2019,3,13,-8.29
2019,3,14,-6.337
2019,3,15,-6.737
2019,3,16,-5.729
2019,3,17,-2.219
2019,3,18,-5.178
2019,3,19,-4.462
2019,3,20,-6.928
2019,3,21,-6.633
2019,3,22,-7.213
2019,3,23,-5.178
2019,3,24,-7.706
2019,3,25,-6.047
2019,3,26,-7.186
2019,3,27,-2.285
2019,3,28,0.528
2019,3,29,-1.606
2019,3,30,-6.457
2019,3,31,-4.348
2019,4,1,-3.161
2019,4,2,-6.167
2019,4,3,1.904
2019,4,4,-1.08
2019,4,5,-0.171
2019,4,6,-3.266
2019,4,7,-6.698
2019,4,8,-1.381
2019,4,9,0.842
2019,4,10,0.017
2019,4,11,-1.557
2019,4,12,-3.124
2019,4,13,-2.39
2019,4,14,2.074
2019,4,15,3.558
2019,4,16,-2.122
2019,4,17,-4.725
2019,4,18,-1.312
2019,4,19,1.678
2019,4,20,1.746
2019,4,21,-0.589
2019,4,22,-4.422
2019,4,23,-1.264
2019,4,24,2.604
2019,4,25,-7.2
2019,4,26,-8.48
2019,4,27,2.301
2019,4,29,0.008
2019,4,30,-4.56
2019,5,1,-4.611
2019,5,2,-4.486
2019,5,3,-5.469
2019,5,4,-7.095
2019,5,5,-8.56
2019,5,6,-2.451
2019,5,7,-1.84
2019,5,8,-2.221
2019,5,9,0.985
2019,5,10,2.52
2019,5,11,2.741
2019,5,12,-0.765
2019,5,13,-0.52
2019,5,14,-2.22
2019,5,15,0.242
2019,5,16,-0.759
2019,5,17,-0.803
2019,5,18,1.556
2019,5,19,1.474
2019,5,20,1.038
2019,5,21,5.014
2019,5,22,2.324
2019,5,23,-0.389
2019,5,24,1.059
2019,5,25,-0.187
2019,5,26,-1.829
2019,5,27,-2.123
2019,5,28,1.855
2019,5,29,6.546
2019,5,30,1.885
2019,5,31,9.2
2019,6,2,2.896
2019,6,3,0.623
2019,6,4,1.201
2019,6,5,1.821
2019,6,6,1.95
2019,6,7,1.147
2019,6,8,0.044
2019,6,9,-0.657
2019,6,10,-2.285
2019,6,11,-4.21
2019,6,12,-2.901
2019,6,13,-1.047
2019,6,14,2.913
2019,6,15,3.074
2019,6,16,2.052
2019,6,17,3.652
2019,6,18,4.136
2019,6,19,3.108
2019,6,20,1.801
2019,6,21,4.25
2019,6,22,5.911
2019,6,23,2.839
2019,6,24,6.748
2019,6,25,3.252
2019,6,26,3.115
2019,6,27,4.912
2019,6,28,5.218
2019,6,29,4.809
2019,6,30,6.571
2019,7,1,8.08
2019,7,2,8.39
2019,7,7,7.989
2019,7,8,7.682
2019,7,9,6.956
2019,7,10,10.0
2019,7,11,7.148
2019,7,12,9.87
2019,7,13,9.41
2019,7,14,8.63
2019,7,15,6.563
2019,7,16,8.64
2019,7,17,12.85
2019,7,18,7.848
2019,7,19,7.951
2019,7,20,10.49
2019,7,21,8.96
2019,7,22,7.407
2019,7,23,9.61
2019,7,24,8.94
2019,7,25,5.297
2019,7,26,8.26
2019,7,27,7.244
2019,7,28,14.38
2019,7,29,11.4
2019,7,31,15.87
2019,8,1,9.86
2019,8,2,7.994
2019,8,3,7.202
2019,8,4,8.79
2019,8,5,8.02
2019,8,6,10.54
2019,8,7,9.58
2019,8,8,11.44
2019,8,9,9.09
2019,8,10,1.478
2019,8,11,8.31
2019,8,12,11.78
2019,8,13,9.4
2019,8,14,7.372
2019,8,15,1.515
2019,8,16,3.912
2019,8,17,1.481
2019,8,18,1.062
2019,8,19,-1.045
2019,8,20,1.304
2019,8,21,3.606
2019,8,22,5.865
2019,8,23,6.203
2019,8,24,3.89
2019,8,25,4.144
2019,8,26,7.772
2019,8,27,7.85
2019,8,28,7.134
2019,8,29,9.26
2019,8,30,6.922
2019,8,31,5.72
2019,9,1,6.385
2019,9,2,4.412
2019,9,3,4.787
2019,9,4,4.993
2019,9,5,2.461
2019,9,6,-1.545
2019,9,7,-1.048
2019,9,8,2.131
2019,9,9,-0.154
2019,9,10,-6.042
2019,9,11,-3.605
2019,9,12,-1.332
2019,9,13,1.366
2019,9,14,2.979
2019,9,15,-0.976
2019,9,16,-2.88
2019,9,17,-3.941
2019,9,18,4.764
2019,9,19,5.652
2019,9,20,5.32
2019,9,21,5.32
2019,9,22,6.453
2019,9,23,8.08
2019,9,24,7.168
2019,9,25,5.709
2019,9,26,6.754
2019,9,27,6.454
2019,9,28,4.891
2019,9,29,5.236
2019,9,30,-2.387
2019,10,1,-0.378
2019,10,2,-2.49
2019,10,3,-2.928
2019,10,4,-0.134
2019,10,5,1.098
2019,10,6,1.721
2019,10,7,2.155
2019,10,8,1.873
2019,10,9,-3.771
2019,10,10,-2.349
2019,10,11,-0.821
2019,10,12,-2.693
2019,10,13,1.326
2019,10,14,2.755
2019,10,15,-4.739
2019,10,16,0.584
2019,10,17,0.507
2019,10,18,-3.78
2019,10,19,-1.299
2019,10,20,-0.399
2019,10,21,-5.128
2019,10,22,-6.155
2019,10,23,-6.983
2019,10,24,-2.984
2019,10,25,-4.496
2019,10,26,-4.587
2019,10,27,-1.853
2019,10,28,-6.66
2019,10,29,-3.359
2019,10,30,1.549
2019,10,31,0.126
2019,11,1,-0.64
2019,11,2,-3.164
2019,11,3,-2.436
2019,11,4,-2.238
2019,11,5,-6.786
2019,11,6,-12.24
2019,11,7,-9.16
2019,11,8,-6.623
2019,11,9,-3.003
2019,11,10,-4.019
2019,11,11,-13.16
2019,11,12,-6.587
2019,11,13,-2.459
2019,11,14,-2.519
2019,11,15,-4.946
2019,11,16,-7.947
2019,11,17,-5.052
2019,11,18,-7.508
2019,11,19,-8.38
2019,11,20,-8.41
2019,11,21,-7.769
2019,11,22,-8.94
2019,11,23,-8.98
2019,11,24,-9.6
2019,11,25,-16.12
2019,11,26,-12.88
2019,11,27,-12.06
2019,11,28,-13.29
2019,11,29,-14.53
2019,11,30,-11.74
2019,12,1,-8.76
2019,12,2,-7.428
2019,12,3,-5.656
2019,12,4,-1.94
2019,12,5,-1.476
2019,12,6,-5.185
2019,12,7,-8.15
2019,12,8,-6.354
2019,12,9,-3.505
2019,12,10,-4.98
2019,12,11,-8.9
2019,12,12,-7.973
2019,12,13,-9.05
2019,12,14,-11.94
2019,12,15,-17.72
2019,12,16,-13.85
2019,12,17,-11.95
2019,12,18,-10.89
2019,12,19,-10.98
2019,12,20,-11.39
2019,12,21,-10.48
2019,12,22,-16.56
2019,12,23,-16.25
2019,12,24,-15.82
2019,12,25,-11.38
2019,12,26,-8.99
2019,12,27,-3.61
2019,12,28,-6.428
2019,12,29,-8.55
2019,12,30,-9.29
2019,12,31,-11.16
2020,1,1,-13.5
2020,1,2,-8.99
2020,1,3,-8.8
2020,1,4,-14.11
2020,1,5,-12.7
2020,1,6,-11.65
2020,1,7,-13.66
2020,1,8,-16.76
2020,1,9,-18.69
2020,1,10,-11.67
2020,1,11,-11.49
2020,1,12,-8.64
2020,1,13,-6.131
2020,1,14,-13.46
2020,1,15,-13.02
2020,1,16,-17.34
2020,1,17,-18.93
2020,1,18,-11.48
2020,1,19,-7.679
2020,1,20,-12.38
2020,1,21,-12.54
2020,1,22,-12.41
2020,1,23,-15.9
2020,1,24,-10.46
2020,1,25,-11.83
2020,1,26,-11.87
2020,1,27,-13.53
2020,1,28,-15.0
2020,1,29,-13.0
2020,1,30,-12.29
2020,1,31,-9.84
2020,2,1,-9.38
2020,2,2,-8.79
2020,2,3,-8.23
2020,2,4,-13.23
2020,2,5,-9.47
2020,2,6,-11.93
2020,2,7,-9.33
2020,2,8,-4.156
2020,2,9,-4.356
2020,2,10,-6.816
2020,2,11,-7.428
2020,2,12,-6.269
2020,2,13,-10.65
2020,2,14,-11.26
2020,2,15,-8.5
2020,2,16,-13.74
2020,2,17,-9.69
2020,2,18,-15.45
2020,2,19,-16.17
2020,2,20,-3.027
2020,2,21,0.188
2020,2,22,-1.776
2020,2,23,-6.883
2020,2,24,-7.598
2020,2,25,-9.46
2020,2,26,-5.621
2020,2,27,-1.228
2020,2,28,-10.23
2020,2,29,-5.939
2020,3,1,-3.855
2020,3,2,-5.405
2020,3,3,-5.859
2020,3,4,-7.576
2020,3,5,-5.405
2020,3,6,-12.9
2020,3,7,-16.52
2020,3,8,-12.61
2020,3,9,-7.997
2020,3,10,-9.68
2020,3,11,-10.42
2020,3,12,-8.99
2020,3,13,-9.57
2020,3,14,-5.916
2020,3,15,-8.54
2020,3,16,-0.89
2020,3,17,-4.155
2020,3,18,-3.917
2020,3,19,-4.639
2020,3,20,-4.261
2020,3,21,-0.188
2020,3,22,-5.218
2020,3,23,-3.447
2020,3,24,-6.644
2020,3,25,-9.2
2020,3,26,-8.72
2020,3,27,-7.446
2020,3,28,-8.55
2020,3,29,-9.61
2020,3,30,-6.093
2020,3,31,-4.571
2020,4,1,-3.403
2020,4,2,-5.9
2020,4,3,-7.212
2020,4,4,-3.883
2020,4,5,-3.099
2020,4,6,-1.223
2020,4,7,-1.761
2020,4,8,-1.706
2020,4,9,-11.06
2020,4,10,-8.27
2020,4,11,-0.262
2020,4,12,0.801
2020,4,13,1.717
2020,4,14,-3.161
2020,4,15,-5.773
2020,4,16,-3.532
2020,4,17,-4.402
2020,4,18,-4.824
2020,4,19,-3.837
2020,4,20,-0.494
2020,4,21,0.276
2020,4,22,-0.864
2020,4,23,0.339
2020,4,24,2.768
2020,4,25,4.58
2020,4,26,2.223
2020,4,27,3.72
2020,4,28,7.338
2020,4,29,-0.08
2020,4,30,-2.293
2020,5,1,-1.605
2020,5,2,1.304
2020,5,3,1.753
2020,5,4,-2.381
2020,5,5,-0.882
2020,5,6,-1.245
2020,5,7,0.576
2020,5,8,3.021
2020,5,9,3.618
2020,5,10,-1.515
2020,5,11,1.461
2020,5,12,3.72
2020,5,13,2.475
2020,5,14,0.766
2020,5,15,-3.403
2020,5,16,-0.63
2020,5,17,-0.474
2020,5,18,-0.371
2020,5,19,-2.796
2020,5,20,-1.352
2020,5,21,-0.967
2020,5,22,1.058
2020,5,23,3.333
2020,5,24,8.59
2020,5,25,9.3
2020,5,26,9.67
2020,5,27,8.23
2020,5,28,4.515
2020,5,29,6.272
2020,5,30,2.55
2020,5,31,3.852
2020,6,1,6.262
2020,6,2,4.912
2020,6,3,4.367
2020,6,4,5.523
2020,6,5,5.704
2020,6,6,1.988
2020,6,7,3.728
2020,6,8,4.728
2020,6,9,1.549
2020,6,10,0.154
2020,6,11,-0.473
2020,6,12,-2.258
2020,6,13,1.434
2020,6,14,4.314
2020,6,15,5.082
2020,6,16,4.401
2020,6,17,4.592
2020,6,18,1.754
2020,6,19,1.209
2020,6,20,1.889
2020,6,21,4.061
2020,6,22,6.84
2020,6,23,7.466
2020,6,24,3.448
2020,6,25,2.619
2020,6,26,5.652
2020,6,27,2.12
2020,6,28,-1.703
2020,6,29,0.713
2020,6,30,6.984
2020,7,1,0.926
2020,7,2,5.116
2020,7,3,3.946
2020,7,4,4.775
2020,7,5,3.414
2020,7,6,2.196
2020,7,7,3.66
2020,7,8,7.618
2020,7,9,6.053
2020,7,10,5.354
2020,7,11,4.095
2020,7,12,4.435
2020,7,13,4.995
2020,7,14,6.817
2020,7,15,4.707
2020,7,16,7.78
2020,7,17,6.862
2020,7,18,7.236
2020,7,19,5.508
2020,7,20,7.075
2020,7,21,4.9
2020,7,22,5.687
2020,7,23,4.17
2020,7,24,9.5
2020,7,25,5.779
2020,7,26,9.37
2020,7,27,4.952
2020,7,28,5.311
2020,7,29,3.72
2020,7,30,5.286
2020,7,31,5.123
2020,8,1,5.951
2020,8,2,3.821
2020,8,3,5.453
2020,8,4,6.087
2020,8,5,7.243
2020,8,6,7.788
2020,8,7,10.02
2020,8,8,9.53
2020,8,9,5.234
2020,8,10,5.49
2020,8,11,6.453
2020,8,12,6.689
2020,8,13,6.181
2020,8,14,3.211
2020,8,15,5.694
2020,8,16,7.984
2020,8,17,7.772
2020,8,18,4.821
2020,8,19,4.095
2020,8,20,4.163
2020,8,21,3.55
2020,8,22,5.32
2020,8,23,8.19
2020,8,24,11.97
2020,8,25,9.43
2020,8,26,6.317
2020,8,27,-0.017
2020,8,28,-1.756
2020,8,29,4.783
2020,8,30,5.048
2020,8,31,6.088
2020,9,1,4.48
2020,9,2,5.558
2020,9,3,3.568
2020,9,4,2.006
2020,9,5,3.245
2020,9,6,3.807
2020,9,7,0.916
2020,9,8,1.843
2020,9,9,2.638
2020,9,10,3.631
2020,9,11,2.85
2020,9,12,3.448
2020,9,13,1.325
2020,9,14,4.197
2020,9,15,-0.391
2020,9,16,1.086
2020,9,17,2.223
2020,9,18,-3.014
2020,9,19,-5.935
2020,9,20,-2.302
2020,9,21,4.265
2020,9,22,1.038
2020,9,23,0.637
2020,9,24,1.448
2020,9,25,2.537
2020,9,26,0.426
2020,9,27,-0.318
2020,9,28,-2.334
2020,9,29,-1.183
2020,9,30,0.31
2020,10,1,-1.359
2020,10,2,-0.337
2020,10,3,-2.947
2020,10,4,-4.446
2020,10,5,-4.508
2020,10,6,-4.684
2020,10,7,-6.763
2020,10,8,-4.871
2020,10,9,-6.071
2020,10,10,-8.84
2020,10,11,-5.916
2020,10,12,-6.935
2020,10,13,-5.464
2020,10,14,-2.928
2020,10,15,-2.566
2020,10,16,-1.896
2020,10,17,-1.517
2020,10,18,-2.389
2020,10,19,-1.123
2020,10,20,4.264
2020,10,21,0.723
2020,10,22,-1.246
2020,10,23,-5.332
2020,10,24,-9.11
2020,10,25,-7.206
2020,10,26,-4.059
2020,10,27,-2.226
2020,10,28,-5.673
2020,10,29,-13.09
2020,10,30,-7.129
2020,10,31,-4.087
2020,11,1,-3.14
2020,11,2,-4.19
2020,11,3,-5.632
2020,11,4,-6.826
2020,11,5,-3.217
2020,11,6,-0.889
2020,11,7,-2.56
2020,11,8,1.116
2020,11,9,-3.205
2020,11,10,-4.775
2020,11,11,-3.582
2020,11,12,-2.851
2020,11,13,-6.411
2020,11,14,-9.7
2020,11,15,-10.85
2020,11,16,-12.88
2020,11,17,-13.2
2020,11,18,-12.85
2020,11,19,-13.37
2020,11,20,-14.03
2020,11,21,-11.8
2020,11,22,-12.61
2020,11,23,-16.97
2020,11,24,-15.32
2020,11,25,-11.94
2020,11,26,-13.3
2020,11,27,-6.644
2020,11,28,-5.083
2020,11,29,-15.88
2020,11,30,-14.16
2020,12,1,-7.406
2020,12,2,-8.77
2020,12,3,-7.716
2020,12,4,-8.2
2020,12,5,-13.81
2020,12,6,-14.03
2020,12,7,-12.78
2020,12,8,-12.31
2020,12,9,-10.09
2020,12,10,-10.49
2020,12,11,-11.34
2020,12,12,-12.32
2020,12,13,-12.26
2020,12,14,-14.5
2020,12,15,-16.85
2020,12,16,-15.01
2020,12,17,-16.91
2020,12,18,-13.3
2020,12,19,-7.733
2020,12,20,-10.21
2020,12,21,-13.26
2020,12,22,-11.68
2020,12,23,-9.78
2020,12,24,-10.6
2020,12,25,-9.74
2020,12,26,-8.1
2020,12,27,-13.07
2020,12,28,-12.18
2020,12,29,-11.15
2020,12,30,-12.97
2020,12,31,-13.85
2021,1,1,-15.02
2021,1,2,-12.03
2021,1,3,-11.2
2021,1,4,-10.11
2021,1,5,-8.48
2021,1,6,-11.24
2021,1,7,-15.99
2021,1,8,-21.43
2021,1,9,-18.22
2021,1,10,-10.0
2021,1,11,-4.887
2021,1,12,-5.61
2021,1,13,-10.08
2021,1,14,-10.73
2021,1,15,-5.269
2021,1,16,-0.533
2021,1,17,-5.365
2021,1,18,-2.764
2021,1,19,-7.417
2021,1,20,-9.59
2021,1,21,-8.83
2021,1,22,-7.258
2021,1,23,-22.41
2021,1,24,-19.58
2021,1,25,-13.14
2021,1,26,-12.46
2021,1,27,-10.3
2021,1,28,-12.47
2021,1,29,-11.64
2021,1,30,-10.52
2021,1,31,-5.116
2021,2,1,-7.563
2021,2,2,-10.1
2021,2,3,-10.25
2021,2,4,-6.553
2021,2,5,-6.314
2021,2,6,-6.951
2021,2,7,-7.121
2021,2,8,-4.035
2021,2,9,-6.819
2021,2,10,-8.21
2021,2,11,-7.731
2021,2,12,-8.53
2021,2,13,-5.678
2021,2,14,-9.62
2021,2,15,-11.41
2021,2,16,-5.086
2021,2,17,-4.007
2021,2,18,-3.734
2021,2,19,1.665
2021,2,20,-9.07
2021,2,21,-8.72
2021,2,22,-10.11
2021,2,23,-10.95
2021,2,24,-9.33
2021,2,25,-14.49
2021,2,26,-20.98
2021,2,27,-17.07
2021,2,28,-16.24
2021,3,1,-6.457
2021,3,2,-6.871
2021,3,3,-9.87
2021,3,4,-10.2
2021,3,5,-15.35
2021,3,6,-7.816
2021,3,7,-6.883
2021,3,8,-7.632
2021,3,9,-7.508
2021,3,10,-5.661
2021,3,11,-7.564
2021,3,12,-7.109
2021,3,13,-5.19
2021,3,14,-6.604
2021,3,15,-12.07
2021,3,16,-11.12
2021,3,17,-12.0
2021,3,18,-15.28
2021,3,19,-5.451
2021,3,20,-1.449
2021,3,21,-5.4
2021,3,22,-7.131
2021,3,23,-3.18
2021,3,24,-6.61
2021,3,25,-4.605
2021,3,26,0.335
2021,3,27,-2.873
2021,3,28,-4.515
2021,3,29,-9.06
2021,3,30,-15.58
2021,3,31,-13.39
2021,4,1,-12.55
2021,4,2,-20.19
2021,4,3,-12.76
2021,4,4,-2.486
2021,4,5,-7.774
2021,4,6,-6.153
2021,4,7,-7.105
2021,4,8,-8.97
2021,4,9,-7.621
2021,4,10,-3.427
2021,4,11,-4.667
2021,4,12,-2.471
2021,4,13,-2.062
2021,4,14,-1.592
2021,4,15,-0.222
2021,4,16,-1.722
2021,4,17,-4.861
2021,4,18,-2.906
2021,4,19,-6.051
2021,4,20,-2.086
2021,4,21,-5.062
2021,4,22,-12.99
2021,4,23,-8.78
2021,4,24,-4.68
2021,4,25,-2.437
2021,4,26,-1.169
2021,4,27,3.137
2021,4,28,5.385
2021,4,29,5.218
2021,4,30,3.516
2021,5,1,-0.863
2021,5,2,2.176
2021,5,3,0.242
2021,5,4,4.171
2021,5,5,7.475
2021,5,6,5.218
2021,5,7,2.198
2021,5,8,1.597
2021,5,9,2.574
2021,5,10,3.278
2021,5,11,0.299
2021,5,12,-3.071
2021,5,13,-4.716
2021,5,14,-5.348
2021,5,15,-5.564
2021,5,16,-5.808
2021,5,17,-0.426
2021,5,18,1.692
2021,5,19,2.21
2021,5,20,1.018
2021,5,21,-1.687
2021,5,22,0.594
2021,5,23,3.856
2021,5,24,4.128
2021,5,25,3.326
2021,5,26,4.726
2021,5,27,3.548
2021,5,28,4.231
2021,5,29,3.966
2021,5,30,5.32
2021,5,31,4.027
2021,6,1,4.946
2021,6,2,5.913
2021,6,3,4.877
2021,6,4,5.155
2021,6,5,8.52
2021,6,6,5.085
2021,6,7,6.001
2021,6,8,6.216
2021,6,9,3.694
2021,6,10,3.387
2021,6,11,3.414
2021,6,12,1.877
2021,6,13,0.732
2021,6,14,-0.719
2021,6,15,-0.627
2021,6,16,0.882
2021,6,17,0.732
2021,6,18,2.823
2021,6,19,3.192
2021,6,20,1.869
2021,6,21,3.899
2021,6,22,3.516
2021,6,23,2.522
2021,6,24,4.631
2021,6,25,4.369
2021,6,26,1.735
2021,6,27,4.503
2021,6,28,8.2
2021,6,29,7.115
2021,6,30,7.048
2021,7,1,7.22
2021,7,2,7.205
2021,7,3,8.07
2021,7,4,7.508
2021,7,5,8.72
2021,7,6,9.32
2021,7,7,6.942
2021,7,8,8.94
2021,7,9,11.72
2021,7,10,8.72
2021,7,11,8.1
2021,7,12,6.148
2021,7,13,4.595
2021,7,14,3.407
2021,7,15,5.54
2021,7,16,3.814
2021,7,17,3.556
2021,7,18,5.081
2021,7,19,4.643
2021,7,20,6.579
2021,7,21,7.04
2021,7,22,5.373
2021,7,23,7.16
2021,7,24,9.61
2021,7,25,12.07
2021,7,26,11.4
2021,7,27,10.51
2021,7,28,11.96
2021,7,29,10.2
2021,7,30,5.195
2021,7,31,3.129
2021,8,1,8.33
2021,8,2,6.823
2021,8,3,6.719
2021,8,4,6.43
2021,8,5,6.035
2021,8,6,6.137
2021,8,7,5.883
2021,8,8,6.613
2021,8,9,7.976
2021,8,10,7.376
2021,8,11,9.23
2021,8,12,9.54
2021,8,13,6.667
2021,8,14,0.112
2021,8,15,-0.386
2021,8,16,-3.619
2021,8,17,1.271
2021,8,18,5.218
2021,8,19,4.269
2021,8,20,7.099
2021,8,21,6.307
2021,8,22,8.66
2021,8,23,8.33
2021,8,24,3.093
2021,8,25,4.783
2021,8,26,5.612
2021,8,27,5.538
2021,8,28,4.435
2021,8,29,3.26
2021,8,30,4.401
2021,8,31,4.597
2021,9,1,3.244
2021,9,2,2.937
2021,9,3,3.856
2021,9,4,4.787
2021,9,5,8.06
2021,9,6,8.69
2021,9,7,10.22
2021,9,8,9.3
2021,9,9,8.49
2021,9,10,5.258
2021,9,11,1.687
2021,9,12,1.243
2021,9,13,2.468
2021,9,14,4.635
2021,9,15,3.829
2021,9,16,5.781
2021,9,17,4.639
2021,9,18,7.752
2021,9,19,6.775
2021,9,20,5.558
2021,9,21,4.469
2021,9,22,2.027
2021,9,23,1.928
2021,9,24,2.039
2021,9,25,4.125
2021,9,26,5.524
2021,9,27,8.82
2021,9,28,3.074
2021,9,29,4.163
2021,9,30,3.108
2021,10,1,2.155
2021,10,2,-6.621
2021,10,3,-5.259
2021,10,4,-9.54
2021,10,5,-2.357
2021,10,6,-3.694
2021,10,7,-8.15
2021,10,8,-4.905
2021,10,9,0.099
2021,10,10,-4.891
2021,10,11,-9.39
2021,10,12,-9.34
2021,10,13,-2.008
2021,10,14,-0.597
2021,10,15,-2.281
2021,10,16,-2.225
2021,10,17,-0.896
2021,10,18,1.781
2021,10,19,1.049
2021,10,20,-0.03
2021,10,21,-2.074
2021,10,22,-13.99
2021,10,23,-11.33
2021,10,24,-2.404
2021,10,25,0.242
2021,10,26,-1.516
2021,10,27,-3.991
2021,10,28,-4.804
2021,10,29,-5.756
2021,10,30,-8.21
2021,10,31,-6.303
2021,11,1,-8.66
2021,11,2,-5.973
2021,11,3,-5.814
2021,11,4,-12.86
2021,11,5,-14.01
2021,11,6,-8.05
2021,11,7,-10.29
2021,11,8,-4.859
2021,11,9,-5.485
2021,11,10,-5.588
2021,11,11,-5.785
2021,11,12,-6.155
2021,11,13,-5.45
2021,11,14,-3.957
2021,11,15,-13.14
2021,11,16,-6.394
2021,11,17,-4.939
2021,11,18,-16.15
2021,11,19,-15.99
2021,11,20,-8.28
2021,11,21,-1.878
2021,11,22,-3.718
2021,11,23,-5.519
2021,11,24,-5.75
2021,11,25,-5.423
2021,11,26,-10.97
2021,11,27,-13.38
2021,11,28,-7.451
2021,11,29,-6.587
2021,11,30,-6.996
2021,12,1,-7.508
2021,12,2,-3.285
2021,12,3,0.414
2021,12,4,-2.833
2021,12,5,-2.151
2021,12,6,-5.553
2021,12,7,-6.701
2021,12,8,-9.7
2021,12,9,-9.69
2021,12,10,-8.78
2021,12,11,-5.633
2021,12,12,-6.9
2021,12,13,-10.78
2021,12,14,-13.21
2021,12,15,-12.67
2021,12,16,-12.26
2021,12,17,-8.65
2021,12,18,-5.804
2021,12,19,-4.859
2021,12,20,-9.34
2021,12,21,-9.13
2021,12,22,-4.893
2021,12,23,-8.46
2021,12,24,-9.85
2021,12,25,-9.69
2021,12,26,-10.26
2021,12,27,-16.46
2021,12,28,-13.59
2021,12,29,-10.72
2021,12,30,-7.812
2021,12,31,-7.644
2022,1,1,-9.52
2022,1,2,-10.27
2022,1,3,-9.01
2022,1,4,-6.168
2022,1,5,-8.91
2022,1,6,-8.36
2022,1,7,-9.85
2022,1,8,-9.02
2022,1,9,-8.93
2022,1,10,-9.47
2022,1,11,-8.69
2022,1,12,-10.74
2022,1,13,-9.69
2022,1,14,-10.88
2022,1,15,-7.144
2022,1,16,-2.806
2022,1,17,-2.711
2022,1,18,-7.053
2022,1,19,-7.449
2022,1,20,-14.55
2022,1,21,-10.31
2022,1,22,-13.25
2022,1,23,-15.1
2022,1,24,-16.27
2022,1,25,-16.07
2022,1,26,-18.22
2022,1,27,-15.76
2022,1,28,-12.17
2022,1,29,-12.34
2022,1,30,-12.44
2022,1,31,-13.96
2022,2,1,-13.22
2022,2,2,-11.98
2022,2,3,-16.33
2022,2,4,-17.94
2022,2,5,-14.74
2022,2,6,-7.03
2022,2,7,-11.8
2022,2,8,-11.25
2022,2,9,-12.61
2022,2,10,-17.18
2022,2,11,-12.47
2022,2,12,-9.43
2022,2,13,-11.4
2022,2,14,-10.75
2022,2,15,-14.86
2022,2,16,-17.75
2022,2,17,-18.41
2022,2,18,-13.6
2022,2,19,-11.21
2022,2,20,-12.02
2022,2,21,-10.9
2022,2,22,-8.46
2022,2,23,-10.37
2022,2,24,-8.76
2022,2,25,-10.77
2022,2,26,-11.7
2022,2,27,-9.85
2022,2,28,-8.72
2022,3,1,-9.65
2022,3,2,-9.32
2022,3,3,-10.36
2022,3,4,-6.7
2022,3,5,-2.469
2022,3,6,-4.822
2022,3,7,-9.61
2022,3,8,-6.678
2022,3,9,-4.714
2022,3,10,-8.55
2022,3,11,-6.411
2022,3,12,-6.589
2022,3,13,-2.068
2022,3,14,-4.073
2022,3,15,-4.521
2022,3,16,-7.803
2022,3,17,-1.167
2022,3,18,-8.56
2022,3,19,-6.814
2022,3,20,-10.24
2022,3,21,-10.9
2022,3,22,-7.087
2022,3,23,-5.428
2022,3,24,-12.44
2022,3,25,-9.49
2022,3,26,-3.827
2022,3,27,-9.01
2022,3,28,-9.52
2022,3,29,-8.24
2022,3,30,-12.03
2022,3,31,-5.349
2022,4,1,-1.939
2022,4,2,-2.055
2022,4,3,-4.162
2022,4,4,0.487
2022,4,5,1.4
2022,4,6,2.006
2022,4,7,3.803
2022,4,8,0.807
2022,4,9,2.778
2022,4,10,1.8
2022,4,11,3.497
2022,4,12,6.026
2022,4,13,1.399
2022,4,14,-2.115
2022,4,15,-1.107
2022,4,16,0.03
2022,4,17,3.417
2022,4,18,5.32
2022,4,19,1.021
2022,4,20,0.453
2022,4,21,-1.502
2022,4,22,-0.807
2022,4,23,-0.372
2022,4,24,-0.866
2022,4,25,-2.285
2022,4,26,-2.696
2022,4,27,-2.142
2022,4,28,-5.269
2022,4,29,6.365
2022,4,30,1.439
2022,5,1,2.706
2022,5,2,6.341
2022,5,3,7.411
2022,5,4,4.46
2022,5,5,-0.085
2022,5,6,0.726
2022,5,7,2.801
2022,5,8,4.107
2022,5,9,7.943
2022,5,10,6.954
2022,5,11,2.558
2022,5,12,-1.542
2022,5,13,0.434
2022,5,14,1.766
2022,5,15,-2.319
2022,5,16,0.492
2022,5,17,1.93
2022,5,18,2.911
2022,5,19,0.766
2022,5,20,1.809
2022,5,21,2.536
2022,5,22,0.868
2022,5,23,-4.956
2022,5,24,5.101
2022,5,25,5.32
2022,5,26,5.456
2022,5,27,4.368
2022,5,28,3.005
2022,5,29,-3.13
2022,5,30,-0.916
2022,5,31,-3.164
2022,6,1,-1.987
2022,6,2,1.726
2022,6,3,1.859
2022,6,4,-1.133
2022,6,5,0.458
2022,6,6,4.163
2022,6,7,2.611
2022,6,8,5.796
2022,6,9,4.196
2022,6,10,5.96
2022,6,11,4.774
2022,6,12,4.998
2022,6,13,5.524
2022,6,14,3.482
2022,6,15,6.09
2022,6,16,3.21
2022,6,17,3.674
2022,6,18,3.482
2022,6,19,1.434
2022,6,20,3.088
2022,6,21,1.746
2022,6,22,6.836
2022,6,23,7.262
2022,6,24,5.739
2022,6,25,6.409
2022,6,26,7.38
2022,6,27,8.59
2022,6,28,8.49
2022,6,29,7.916
2022,6,30,10.15
2022,7,1,8.75
2022,7,2,6.895
2022,7,3,6.225
2022,7,4,12.47
2022,7,5,6.378
2022,7,6,2.616
2022,7,7,4.036
2022,7,8,4.318
2022,7,9,5.917
2022,7,10,4.766
2022,7,11,4.692
2022,7,12,3.924
2022,7,13,2.481
2022,7,14,3.47
2022,7,15,7.074
2022,7,16,8.13
2022,7,17,8.6
2022,7,18,9.72
2022,7,19,4.931
2022,7,20,6.826
2022,7,21,11.16
2022,7,22,9.57
2022,7,23,10.63
2022,7,24,12.47
2022,7,25,10.96
2022,7,26,12.94
2022,7,27,11.12
2022,7,28,12.77
2022,7,29,6.013
2022,7,30,7.195
2022,7,31,5.116
2022,8,1,4.693
2022,8,2,4.231
2022,8,3,3.842
2022,8,4,5.377
2022,8,5,5.915
2022,8,6,5.577
2022,8,7,8.32
2022,8,8,7.706
2022,8,9,5.569
2022,8,10,4.49
2022,8,11,6.011
2022,8,12,5.312
2022,8,13,5.728
2022,8,14,8.76
2022,8,15,9.85
2022,8,16,6.888
2022,8,17,6.341
2022,8,18,7.134
2022,8,19,3.918
2022,8,20,3.643
2022,8,21,2.925
2022,8,22,-1.258
2022,8,23,4.443
2022,8,24,6.251
2022,8,25,-0.494
2022,8,26,-0.868
2022,8,27,-1.176
2022,8,28,4.776
2022,8,29,2.971
2022,8,30,3.217
2022,8,31,2.993
2022,9,1,4.109
2022,9,2,5.388
2022,9,3,5.762
2022,9,4,6.511
2022,9,5,7.534
2022,9,6,8.06
2022,9,7,8.67
2022,9,8,9.8
2022,9,9,7.074
2022,9,10,6.922
2022,9,11,5.406
2022,9,12,1.882
2022,9,13,-0.971
2022,9,14,4.62
2022,9,15,7.132
2022,9,16,4.741
2022,9,17,3.939
2022,9,18,4.41
2022,9,19,3.482
2022,9,20,4.503
2022,9,21,5.747
2022,9,22,3.652
2022,9,23,3.966
2022,9,24,4.069
2022,9,25,3.266
2022,9,26,4.0
2022,9,27,3.55
2022,9,28,2.359
2022,9,29,1.018
2022,9,30,0.596
2022,10,1,-1.79
2022,10,2,-1.727
2022,10,3,-0.24
2022,10,4,-2.981
2022,10,5,-3.832
2022,10,6,-0.638
2022,10,7,-1.485
2022,10,8,-1.222
2022,10,9,-0.774
2022,10,10,-4.025
2022,10,11,-2.656
2022,10,12,1.339
2022,10,13,0.215
2022,10,14,0.043
2022,10,15,1.59
2022,10,16,1.601
2022,10,17,1.753
2022,10,18,-1.941
2022,10,19,-4.769
2022,10,20,-7.003
2022,10,21,-0.937
2022,10,22,-0.677
2022,10,23,1.113
2022,10,24,-2.233
2022,10,25,-2.919
2022,10,26,-3.328
2022,10,27,-6.241
2022,10,28,-6.09
2022,10,29,-3.889
2022,10,30,-1.395
2022,10,31,-4.98
2022,11,1,-3.923
2022,11,2,-0.862
2022,11,3,-2.948
2022,11,4,-3.193
2022,11,5,-4.239
2022,11,6,-4.746
2022,11,7,-4.368
2022,11,8,-9.75
2022,11,9,-15.1
2022,11,10,-11.5
2022,11,11,-7.894
2022,11,12,-10.7
2022,11,13,-8.24
2022,11,14,-9.73
2022,11,15,-6.814
2022,11,16,-8.69
2022,11,17,-14.18
2022,11,18,-4.226
2022,11,19,-8.28
2022,11,20,-7.862
2022,11,21,-8.29
2022,11,22,-8.14
2022,11,23,-6.411
2022,11,24,-4.271
2022,11,25,-2.867
2022,11,26,-7.645
2022,11,27,-9.23
2022,11,28,-7.804
2022,11,29,-8.55
2022,11,30,-7.692
2022,12,1,-9.91
2022,12,2,-12.85
2022,12,3,-12.58
2022,12,4,-12.14
2022,12,5,-11.33
2022,12,6,-14.31
2022,12,7,-12.44
2022,12,8,-13.29
2022,12,9,-15.03
2022,12,10,-17.76
2022,12,11,-12.52
2022,12,12,-9.2
2022,12,13,-7.938
2022,12,14,-6.142
2022,12,15,-9.2
2022,12,16,-7.094
2022,12,17,-4.053
2022,12,18,-9.43
2022,12,19,-8.34
2022,12,20,-7.267
2022,12,21,-8.91
2022,12,22,-11.6
2022,12,23,-17.98
2022,12,24,-10.45
2022,12,25,-9.2
2022,12,26,-8.92
2022,12,27,-8.41
2022,12,28,-8.46
2022,12,29,-9.58
2022,12,30,-12.71
2022,12,31,-13.43
2023,1,1,-15.61
2023,1,2,-13.76
2023,1,3,-13.63
2023,1,4,-15.68
2023,1,5,-6.562
2023,1,6,-3.684
2023,1,7,-6.78
2023,1,8,-6.644
2023,1,9,-11.06
2023,1,10,-10.21
2023,1,11,-25.66
2023,1,12,-28.44
2023,1,13,-26.25
2023,1,14,-19.89
2023,1,15,-20.12
2023,1,16,-15.38
2023,1,17,-13.34
2023,1,18,-12.76
2023,1,19,-14.39
2023,1,20,-13.95
2023,1,21,-14.46
2023,1,22,-12.29
2023,1,23,-8.89
2023,1,24,-13.92
2023,1,25,-16.78
2023,1,26,-11.89
2023,1,27,-13.35
2023,1,28,-12.49
2023,1,29,-9.92
2023,1,30,-9.44
2023,1,31,-8.46
2023,2,1,-10.65
2023,2,2,-6.508
2023,2,3,-7.905
2023,2,4,-9.18
2023,2,5,-9.85
2023,2,6,-10.15
2023,2,7,-13.37
2023,2,8,-9.95
2023,2,9,-9.09
2023,2,10,-12.65
2023,2,11,-18.63
2023,2,12,-19.45
2023,2,13,-11.96
2023,2,14,-11.49
2023,2,15,-9.83
2023,2,16,-8.14
2023,2,17,-7.428
2023,2,18,-7.735
2023,2,19,-10.81
2023,2,20,-9.61
2023,2,21,-8.71
2023,2,22,-6.019
2023,2,23,-7.121
2023,2,24,-5.655
2023,2,25,-5.94
2023,2,26,-10.11
2023,2,27,-9.64
2023,2,28,-9.4
2023,3,1,-8.14
2023,3,2,-5.109
2023,3,3,-4.195
2023,3,4,-5.661
2023,3,5,-5.712
2023,3,6,-3.866
2023,3,7,-6.094
2023,3,8,0.209
2023,3,9,-3.861
2023,3,10,2.34
2023,3,14,-1.6
2023,3,15,-5.064
2023,3,16,-9.94
2023,3,17,-6.175
2023,3,18,-7.648
2023,3,19,-10.72
2023,3,20,-7.536
2023,3,21,-7.377
2023,3,22,-6.803
2023,3,23,-7.975
2023,3,24,-4.477
2023,3,25,-5.247
2023,3,26,-4.325
2023,3,27,-3.292
2023,3,28,-2.866
2023,3,29,-1.756
2023,3,30,-1.755
2023,3,31,-4.344
2023,4,1,-4.813
2023,4,2,-5.61
2023,4,3,-3.348
2023,4,4,-2.848
2023,4,5,-4.332
2023,4,6,-3.651
2023,4,7,-4.367
2023,4,8,-3.833
2023,4,9,-3.525
2023,4,10,-2.744
2023,4,11,-5.758
2023,4,12,-9.02
2023,4,13,-0.561
2023,4,14,4.031
2023,4,15,5.17
2023,4,16,-1.597
2023,4,17,-3.3
2023,4,18,-9.98
2023,4,19,-10.32
2023,4,20,-6.587
2023,4,21,-6.19
2023,4,22,-6.49
2023,4,23,-0.412
2023,4,24,0.855
2023,4,25,-3.288
2023,4,26,-3.939
2023,4,27,-2.129
2023,4,28,-0.48
2023,4,29,-0.916
2023,4,30,-0.598
2023,5,1,-1.45
2023,5,2,-5.252
2023,5,3,-6.792
2023,5,4,-9.67
2023,5,5,-11.24
2023,5,6,-2.758
2023,5,7,-4.155
2023,5,8,-6.087
2023,5,9,-2.491
2023,5,10,-0.978
2023,5,11,2.162
2023,5,12,4.197
2023,5,13,1.155
2023,5,14,1.283
2023,5,15,0.685
2023,5,16,3.286
2023,5,17,3.285
2023,5,18,0.351
2023,5,19,-0.083
2023,5,20,-1.127
2023,5,21,-0.604
2023,5,22,-0.085
2023,5,23,0.119
2023,5,24,-2.892
2023,5,25,-3.684
2023,5,26,-4.19
2023,5,27,-1.344
2023,5,28,-2.764
2023,5,29,-0.486
2023,5,30,3.47
2023,5,31,4.375
2023,6,1,0.35
2023,6,2,1.573
2023,6,3,1.945
2023,6,4,1.992
2023,6,5,3.495
2023,6,6,4.435
2023,6,7,5.024
2023,6,8,5.762
2023,6,9,8.52
2023,6,10,7.474
2023,6,11,9.29
2023,6,12,8.09
2023,6,13,7.338
2023,6,14,5.252
2023,6,15,5.041
2023,6,16,6.035
2023,6,17,8.02
2023,6,18,8.32
2023,6,19,4.42
2023,6,20,2.393
2023,6,21,7.5
2023,6,22,6.998
2023,6,23,6.596
2023,6,24,5.675
2023,6,25,6.114
2023,6,26,0.815
2023,6,27,6.726
2023,6,28,6.76
2023,6,29,5.725
2023,6,30,2.903
2023,7,1,3.061
2023,7,2,7.617
2023,7,3,8.72
2023,7,4,6.331
2023,7,5,3.244
2023,7,6,4.197
2023,7,7,3.786
2023,7,8,3.307
2023,7,9,2.877
2023,7,10,3.596
2023,7,11,4.033
2023,7,12,11.22
2023,7,13,12.46
2023,7,14,10.97
2023,7,15,9.59
2023,7,16,10.97
2023,7,17,10.65
2023,7,18,10.54
2023,7,19,11.47
2023,7,20,9.76
2023,7,21,10.22
2023,7,22,8.57
2023,7,23,11.09
2023,7,24,9.99
2023,7,25,9.9
2023,7,26,9.88
2023,7,27,11.39
2023,7,28,8.1
2023,7,29,9.0
2023,7,30,8.97
2023,7,31,7.543
2023,8,1,7.652
2023,8,2,7.529
2023,8,3,7.856
2023,8,4,10.35
2023,8,5,9.54
2023,8,6,8.89
2023,8,7,4.323
2023,8,8,4.639
2023,8,9,5.405
2023,8,10,7.673
2023,8,11,8.37
2023,8,12,6.59
2023,8,13,4.299
2023,8,14,-1.809
2023,8,15,-1.699
2023,8,16,5.113
2023,8,17,6.137
2023,8,18,7.511
2023,8,19,6.613
2023,8,20,9.65
2023,8,21,10.01
2023,8,22,7.722
2023,8,23,5.951
2023,8,24,4.25
2023,8,25,6.229
2023,8,26,6.624
2023,8,27,5.54
2023,8,28,-2.153
2023,8,29,1.291
2023,8,30,6.768
2023,8,31,4.08
2023,9,1,6.056
2023,9,2,4.737
2023,9,3,5.15
2023,9,4,1.95
2023,9,5,0.1
2023,9,6,2.844
2023,9,7,3.584
2023,9,8,5.202
2023,9,9,4.197
2023,9,10,6.353
2023,9,11,8.18
2023,9,12,6.922
2023,9,13,5.134
2023,9,14,4.693
2023,9,15,4.889
2023,9,16,3.584
2023,9,17,4.805
2023,9,18,3.278
2023,9,19,3.966
2023,9,20,-1.412
2023,9,21,-2.435
2023,9,22,-3.907
2023,9,23,-3.087
2023,9,24,-1.026
2023,9,25,0.835
2023,9,26,1.543
2023,9,27,2.156
2023,9,28,1.59
2023,9,29,-0.615
2023,9,30,-2.21
2023,10,1,-1.768
2023,10,2,0.787
2023,10,3,-0.719
2023,10,4,0.14
2023,10,5,0.202
2023,10,6,3.054
2023,10,7,-1.163
2023,10,8,-1.107
2023,10,9,-0.59
2023,10,10,2.483
2023,10,11,0.684
2023,10,12,4.068
2023,10,13,3.749
2023,10,14,-7.973
2023,10,15,-4.605
2023,10,16,-3.849
2023,10,17,1.018
2023,10,18,0.977
2023,10,19,-0.405
2023,10,20,0.311
2023,10,21,-1.018
2023,10,22,-0.229
2023,10,23,-1.501
